{"metrics/test/logit/Specificity":0.8866477722309342,"data/clean_rows":630000,"metrics/test/logit/optimal_threshold":0.4344254970650366,"_wandb":{"runtime":178},"metrics/test/logit/Accuracy":0.883436507936508,"metrics/test/logit/False Positive Rate":0.11335222776906588,"_timestamp":1.7742748038283293e+09,"data/clean_cols":15,"_runtime":178,"metrics/test/kmeans_score":0.5995893833103544,"metrics/test/logit/FP":7879,"_step":2,"data/raw_cols":15,"metrics/test/logit/TN":61630,"metrics/test/logit/F1-score":0.8712265350319588,"metrics/test/logit/Precision":0.8631215037698482,"metrics/test/logit/FN":6808,"metrics/test/logit/TP":49683,"metrics/test/logit/Recall":0.8794852277353915,"data/raw_rows":630000}