{"metrics/test/logit/TP":49346,"metrics/test/logit/Accuracy":0.8840793650793651,"metrics/test/logit/FN":7145,"data/raw_cols":15,"_wandb":{"runtime":48},"metrics/test/logit/False Positive Rate":0.10733861802068796,"metrics/test/logit/FP":7461,"_step":2,"metrics/test/logit/F1-score":0.871083337746474,"data/clean_cols":15,"data/clean_rows":630000,"metrics/test/logit/Specificity":0.892661381979312,"metrics/test/kmeans_score":0.5995893833103544,"_timestamp":1.7743468205928092e+09,"metrics/test/logit/TN":62048,"metrics/test/logit/optimal_threshold":0.45216913528750313,"metrics/test/logit/Precision":0.8686605523967117,"_runtime":48,"metrics/test/logit/Recall":0.8735196757005541,"data/raw_rows":630000}