id,Age,Sex,Chest pain type,BP,Cholesterol,FBS over 120,EKG results,Max HR,Exercise angina,ST depression,Slope of ST,Number of vessels fluro,Thallium,prediction,predict_proba
307256,41,0,1,140,283,0,0,162,0,0.0,1,0,3,0,0.0010952913302729047
139643,54,1,4,120,249,0,2,147,1,3.5,2,2,7,1,0.9985641378860078
148395,57,1,4,105,254,1,0,162,1,1.2,3,2,7,1,0.9945427384000289
544541,56,1,4,115,283,0,2,165,0,1.8,2,2,7,1,0.9781907224521004
619477,59,1,4,110,204,0,2,154,1,2.3,2,3,7,1,0.9988433218356582
